{
     "isotopics": {
          "Models of the Web": {
               "x": [
                    0.30784098340610533,
                    0.24562365752130383,
                    0.2040645492373471,
                    0.2049240875668566,
                    0.20335974681473465,
                    0.30388596978157895,
                    0.30784098340610533
               ],
               "y": [
                    0.457723236316963,
                    0.4695834513054745,
                    0.48529071985418736,
                    0.5096380407711947,
                    0.58849034608273564,
                    0.60305626715447446,
                    0.457723236316963
               ],
               "polyline_id": [
                    "10.0",
                    "10.7000000000000001",
                    "10.1",
                    "10.30000000000000004",
                    "10.4",
                    "10.2",
                    "10.6000000000000001",
                    "10.8",
                    "10.5",
                    "10.9",
                    "1"
               ]
          },
          "Stochastic Processes": {
               "x": [
                    0.66852653124544734,
                    0.67764370673469535,
                    0.71149532526659746,
                    0.7941877552103738,
                    0.8455178438375743,
                    0.7451521652976554,
                    0.66852653124544734
               ],
               "y": [
                    0.281299526870786,
                    0.2764602552170862,
                    0.2656578996713994,
                    0.3038285654779988,
                    0.33411855380057937,
                    0.3503555778891983,
                    0.281299526870786
               ],
               "polyline_id": [
                    "60.0",
                    "60.1",
                    "60.4",
                    "60.8",
                    "60.2",
                    "60.7000000000000001",
                    "60.5",
                    "60.9",
                    "60.30000000000000004",
                    "60.6000000000000001",
                    "6"
               ]
          }
         
     }
}
